ubigeo_inei,Sexo,Población
10101.0,F,1068
10101.0,M,1078
10102.0,F,13
10102.0,M,11
10103.0,F,98
10103.0,M,96
10104.0,F,32
10104.0,M,25
10105.0,F,35
10105.0,M,30
10106.0,F,117
10106.0,M,115
10107.0,F,27
10107.0,M,14
10108.0,F,20
10108.0,M,27
10109.0,F,350
10109.0,M,374
10110.0,F,210
10110.0,M,199
10111.0,F,47
10111.0,M,41
10112.0,F,35
10112.0,M,34
10113.0,F,53
10113.0,M,42
10114.0,F,147
10114.0,M,118
10115.0,F,26
10115.0,M,26
10116.0,F,18
10116.0,M,13
10117.0,F,36
10117.0,M,33
10118.0,F,13
10118.0,M,18
10119.0,F,40
10119.0,M,30
10120.0,F,58
10120.0,M,53
10121.0,F,12
10121.0,M,10
10201.0,F,1195
10201.0,M,1135
10202.0,F,646
10202.0,M,596
10203.0,F,307
10203.0,M,294
10204.0,F,84
10204.0,M,60
10205.0,F,2054
10205.0,M,2176
10206.0,F,374
10206.0,M,342
10301.0,F,75
10301.0,M,59
10302.0,F,20
10302.0,M,10
10303.0,F,12
10303.0,M,11
10304.0,F,71
10304.0,M,58
10305.0,F,41
10305.0,M,68
10306.0,F,415
10306.0,M,399
10307.0,F,381
10307.0,M,371
10308.0,F,9
10308.0,M,6
10309.0,F,9
10309.0,M,5
10310.0,F,87
10310.0,M,86
10311.0,F,40
10311.0,M,41
10312.0,F,477
10312.0,M,484
10401.0,F,2484
10401.0,M,2670
10402.0,F,897
10402.0,M,860
10403.0,F,1731
10403.0,M,1728
10501.0,F,90
10501.0,M,75
10502.0,F,385
10502.0,M,383
10503.0,F,169
10503.0,M,130
10504.0,F,115
10504.0,M,102
10505.0,F,95
10505.0,M,99
10506.0,F,33
10506.0,M,13
10507.0,F,73
10507.0,M,55
10508.0,F,42
10508.0,M,41
10509.0,F,215
10509.0,M,230
10510.0,F,34
10510.0,M,27
10511.0,F,48
10511.0,M,37
10512.0,F,207
10512.0,M,204
10513.0,F,251
10513.0,M,258
10514.0,F,376
10514.0,M,363
10515.0,F,107
10515.0,M,81
10516.0,F,39
10516.0,M,38
10517.0,F,51
10517.0,M,27
10518.0,F,24
10518.0,M,55
10519.0,F,41
10519.0,M,28
10520.0,F,115
10520.0,M,126
10521.0,F,177
10521.0,M,184
10522.0,F,62
10522.0,M,57
10523.0,F,79
10523.0,M,86
10601.0,F,181
10601.0,M,197
10602.0,F,115
10602.0,M,126
10603.0,F,20
10603.0,M,24
10604.0,F,76
10604.0,M,64
10605.0,F,143
10605.0,M,122
10606.0,F,61
10606.0,M,48
10607.0,F,46
10607.0,M,41
10608.0,F,24
10608.0,M,24
10609.0,F,596
10609.0,M,580
10610.0,F,15
10610.0,M,11
10611.0,F,8
10611.0,M,19
10612.0,F,291
10612.0,M,255
10701.0,F,2863
10701.0,M,2728
10702.0,F,1591
10702.0,M,1494
10703.0,F,475
10703.0,M,448
10704.0,F,312
10704.0,M,346
10705.0,F,469
10705.0,M,461
10706.0,F,528
10706.0,M,533
10707.0,F,164
10707.0,M,143
20101.0,F,3299
20101.0,M,3003
20102.0,F,128
20102.0,M,135
20103.0,F,23
20103.0,M,44
20104.0,F,130
20104.0,M,151
20105.0,F,3822
20105.0,M,3790
20106.0,F,291
20106.0,M,242
20107.0,F,64
20107.0,M,86
20108.0,F,102
20108.0,M,115
20109.0,F,54
20109.0,M,68
20110.0,F,269
20110.0,M,291
20111.0,F,212
20111.0,M,246
20112.0,F,308
20112.0,M,286
20201.0,F,116
20201.0,M,116
20202.0,F,155
20202.0,M,172
20203.0,F,42
20203.0,M,40
20204.0,F,134
20204.0,M,139
20205.0,F,43
20205.0,M,49
20301.0,F,246
20301.0,M,238
20302.0,F,121
20302.0,M,143
20303.0,F,128
20303.0,M,94
20304.0,F,134
20304.0,M,126
20305.0,F,422
20305.0,M,404
20306.0,F,119
20306.0,M,137
20401.0,F,354
20401.0,M,377
20402.0,F,164
20402.0,M,172
20501.0,F,190
20501.0,M,209
20502.0,F,72
20502.0,M,33
20503.0,F,39
20503.0,M,53
20504.0,F,147
20504.0,M,157
20505.0,F,113
20505.0,M,83
20506.0,F,71
20506.0,M,29
20507.0,F,236
20507.0,M,168
20508.0,F,520
20508.0,M,506
20509.0,F,165
20509.0,M,150
20510.0,F,46
20510.0,M,52
20511.0,F,30
20511.0,M,63
20512.0,F,24
20512.0,M,22
20513.0,F,70
20513.0,M,103
20514.0,F,64
20514.0,M,48
20515.0,F,51
20515.0,M,65
20601.0,F,846
20601.0,M,788
20602.0,F,137
20602.0,M,118
20603.0,F,73
20603.0,M,72
20604.0,F,166
20604.0,M,135
20605.0,F,84
20605.0,M,58
20606.0,F,532
20606.0,M,532
20607.0,F,90
20607.0,M,78
20608.0,F,183
20608.0,M,175
20609.0,F,130
20609.0,M,144
20610.0,F,155
20610.0,M,160
20611.0,F,182
20611.0,M,186
20701.0,F,893
20701.0,M,827
20702.0,F,253
20702.0,M,307
20703.0,F,387
20703.0,M,358
20801.0,F,1719
20801.0,M,1656
20802.0,F,217
20802.0,M,223
20803.0,F,114
20803.0,M,104
20804.0,F,512
20804.0,M,454
20901.0,F,91
20901.0,M,75
20902.0,F,19
20902.0,M,23
20903.0,F,33
20903.0,M,30
20904.0,F,197
20904.0,M,171
20905.0,F,48
20905.0,M,46
20906.0,F,43
20906.0,M,33
20907.0,F,21
20907.0,M,49
21001.0,F,538
21001.0,M,569
21002.0,F,111
21002.0,M,96
21003.0,F,149
21003.0,M,186
21004.0,F,621
21004.0,M,658
21005.0,F,113
21005.0,M,140
21006.0,F,127
21006.0,M,159
21007.0,F,238
21007.0,M,235
21008.0,F,150
21008.0,M,143
21009.0,F,96
21009.0,M,71
21010.0,F,115
21010.0,M,140
21011.0,F,170
21011.0,M,204
21012.0,F,46
21012.0,M,46
21013.0,F,154
21013.0,M,149
21014.0,F,708
21014.0,M,764
21015.0,F,215
21015.0,M,238
21016.0,F,98
21016.0,M,96
21101.0,F,1216
21101.0,M,1211
21102.0,F,49
21102.0,M,57
21103.0,F,244
21103.0,M,200
21104.0,F,72
21104.0,M,61
21105.0,F,65
21105.0,M,33
21201.0,F,1575
21201.0,M,1540
21202.0,F,26
21202.0,M,28
21203.0,F,130
21203.0,M,96
21204.0,F,69
21204.0,M,65
21205.0,F,123
21205.0,M,98
21206.0,F,696
21206.0,M,720
21207.0,F,515
21207.0,M,480
21208.0,F,333
21208.0,M,341
21209.0,F,59
21209.0,M,40
21210.0,F,126
21210.0,M,105
21301.0,F,199
21301.0,M,195
21302.0,F,323
21302.0,M,335
21303.0,F,102
21303.0,M,119
21304.0,F,166
21304.0,M,179
21305.0,F,79
21305.0,M,49
21306.0,F,508
21306.0,M,483
21307.0,F,209
21307.0,M,206
21308.0,F,60
21308.0,M,59
21401.0,F,50
21401.0,M,53
21402.0,F,41
21402.0,M,51
21403.0,F,30
21403.0,M,34
21404.0,F,40
21404.0,M,30
21405.0,F,89
21405.0,M,85
21406.0,F,82
21406.0,M,62
21407.0,F,73
21407.0,M,56
21408.0,F,27
21408.0,M,38
21409.0,F,92
21409.0,M,123
21410.0,F,16
21410.0,M,14
21501.0,F,144
21501.0,M,150
21502.0,F,77
21502.0,M,80
21503.0,F,683
21503.0,M,616
21504.0,F,43
21504.0,M,38
21505.0,F,70
21505.0,M,67
21506.0,F,31
21506.0,M,33
21507.0,F,44
21507.0,M,46
21508.0,F,148
21508.0,M,141
21509.0,F,635
21509.0,M,822
21510.0,F,53
21510.0,M,47
21511.0,F,196
21511.0,M,178
21601.0,F,1082
21601.0,M,1071
21602.0,F,219
21602.0,M,236
21603.0,F,451
21603.0,M,505
21604.0,F,209
21604.0,M,187
21701.0,F,221
21701.0,M,206
21702.0,F,245
21702.0,M,238
21703.0,F,45
21703.0,M,41
21704.0,F,82
21704.0,M,42
21705.0,F,75
21705.0,M,114
21706.0,F,43
21706.0,M,46
21707.0,F,107
21707.0,M,76
21708.0,F,67
21708.0,M,70
21709.0,F,29
21709.0,M,12
21710.0,F,108
21710.0,M,101
21801.0,F,9840
21801.0,M,9598
21802.0,F,297
21802.0,M,269
21803.0,F,831
21803.0,M,793
21804.0,F,190
21804.0,M,198
21805.0,F,422
21805.0,M,360
21806.0,F,838
21806.0,M,715
21807.0,F,219
21807.0,M,223
21808.0,F,1125
21808.0,M,975
21809.0,F,7967
21809.0,M,7636
21901.0,F,339
21901.0,M,319
21902.0,F,158
21902.0,M,165
21903.0,F,42
21903.0,M,41
21904.0,F,182
21904.0,M,197
21905.0,F,75
21905.0,M,78
21906.0,F,273
21906.0,M,324
21907.0,F,207
21907.0,M,182
21908.0,F,198
21908.0,M,174
21909.0,F,472
21909.0,M,474
21910.0,F,124
21910.0,M,103
22001.0,F,1214
22001.0,M,1112
22002.0,F,168
22002.0,M,140
22003.0,F,342
22003.0,M,292
22004.0,F,82
22004.0,M,101
22005.0,F,1068
22005.0,M,1035
22006.0,F,133
22006.0,M,135
22007.0,F,190
22007.0,M,180
22008.0,F,494
22008.0,M,452
30101.0,F,2859
30101.0,M,2825
30102.0,F,79
30102.0,M,72
30103.0,F,146
30103.0,M,132
30104.0,F,1212
30104.0,M,1120
30105.0,F,318
30105.0,M,304
30106.0,F,257
30106.0,M,304
30107.0,F,243
30107.0,M,185
30108.0,F,253
30108.0,M,319
30109.0,F,474
30109.0,M,480
30201.0,F,2684
30201.0,M,2654
30202.0,F,388
30202.0,M,412
30203.0,F,93
30203.0,M,73
30204.0,F,454
30204.0,M,435
30205.0,F,308
30205.0,M,285
30206.0,F,61
30206.0,M,65
30207.0,F,625
30207.0,M,613
30208.0,F,334
30208.0,M,292
30209.0,F,564
30209.0,M,546
30210.0,F,207
30210.0,M,219
30211.0,F,78
30211.0,M,62
30212.0,F,227
30212.0,M,216
30213.0,F,1971
30213.0,M,1838
30214.0,F,141
30214.0,M,125
30215.0,F,577
30215.0,M,620
30216.0,F,1069
30216.0,M,1028
30217.0,F,129
30217.0,M,162
30218.0,F,275
30218.0,M,239
30219.0,F,172
30219.0,M,152
30220.0,F,222
30220.0,M,228
30301.0,F,216
30301.0,M,185
30302.0,F,26
30302.0,M,17
30303.0,F,119
30303.0,M,89
30304.0,F,135
30304.0,M,135
30305.0,F,219
30305.0,M,245
30306.0,F,46
30306.0,M,85
30307.0,F,112
30307.0,M,100
30401.0,F,293
30401.0,M,267
30402.0,F,46
30402.0,M,56
30403.0,F,112
30403.0,M,81
30404.0,F,145
30404.0,M,129
30405.0,F,57
30405.0,M,51
30406.0,F,274
30406.0,M,241
30407.0,F,45
30407.0,M,32
30408.0,F,77
30408.0,M,63
30409.0,F,152
30409.0,M,151
30410.0,F,66
30410.0,M,66
30411.0,F,50
30411.0,M,33
30412.0,F,93
30412.0,M,76
30413.0,F,46
30413.0,M,48
30414.0,F,151
30414.0,M,146
30415.0,F,191
30415.0,M,157
30416.0,F,120
30416.0,M,84
30417.0,F,62
30417.0,M,53
30501.0,F,837
30501.0,M,856
30502.0,F,292
30502.0,M,246
30503.0,F,688
30503.0,M,671
30504.0,F,821
30504.0,M,876
30505.0,F,522
30505.0,M,445
30506.0,F,796
30506.0,M,778
30601.0,F,439
30601.0,M,369
30602.0,F,762
30602.0,M,729
30603.0,F,194
30603.0,M,173
30604.0,F,630
30604.0,M,537
30605.0,F,546
30605.0,M,492
30606.0,F,210
30606.0,M,201
30607.0,F,209
30607.0,M,238
30608.0,F,439
30608.0,M,374
30609.0,F,278
30609.0,M,234
30610.0,F,233
30610.0,M,148
30611.0,F,111
30611.0,M,89
30701.0,F,330
30701.0,M,323
30702.0,F,126
30702.0,M,190
30703.0,F,257
30703.0,M,244
30704.0,F,129
30704.0,M,113
30705.0,F,54
30705.0,M,58
30706.0,F,90
30706.0,M,108
30707.0,F,93
30707.0,M,68
30708.0,F,265
30708.0,M,261
30709.0,F,25
30709.0,M,26
30710.0,F,33
30710.0,M,43
30711.0,F,52
30711.0,M,22
30712.0,F,69
30712.0,M,69
30713.0,F,117
30713.0,M,82
30714.0,F,137
30714.0,M,124
40101.0,F,1534
40101.0,M,1409
40102.0,F,3418
40102.0,M,3193
40103.0,F,3944
40103.0,M,3811
40104.0,F,7607
40104.0,M,7333
40105.0,F,369
40105.0,M,410
40106.0,F,122
40106.0,M,126
40107.0,F,2063
40107.0,M,2000
40108.0,F,1927
40108.0,M,1825
40109.0,F,2242
40109.0,M,2173
40110.0,F,1873
40110.0,M,1780
40111.0,F,129
40111.0,M,122
40112.0,F,5868
40112.0,M,5683
40113.0,F,19
40113.0,M,15
40114.0,F,76
40114.0,M,65
40115.0,F,57
40115.0,M,58
40116.0,F,187
40116.0,M,178
40117.0,F,875
40117.0,M,878
40118.0,F,119
40118.0,M,93
40119.0,F,88
40119.0,M,68
40120.0,F,59
40120.0,M,57
40121.0,F,379
40121.0,M,365
40122.0,F,3628
40122.0,M,3404
40123.0,F,656
40123.0,M,706
40124.0,F,627
40124.0,M,571
40125.0,F,146
40125.0,M,123
40126.0,F,644
40126.0,M,685
40127.0,F,41
40127.0,M,34
40128.0,F,1497
40128.0,M,1398
40129.0,F,2829
40129.0,M,2740
40201.0,F,638
40201.0,M,636
40202.0,F,217
40202.0,M,214
40203.0,F,928
40203.0,M,961
40204.0,F,405
40204.0,M,362
40205.0,F,366
40205.0,M,284
40206.0,F,225
40206.0,M,274
40207.0,F,59
40207.0,M,78
40208.0,F,868
40208.0,M,822
40301.0,F,221
40301.0,M,214
40302.0,F,171
40302.0,M,173
40303.0,F,285
40303.0,M,278
40304.0,F,94
40304.0,M,58
40305.0,F,462
40305.0,M,706
40306.0,F,71
40306.0,M,89
40307.0,F,529
40307.0,M,479
40308.0,F,624
40308.0,M,587
40309.0,F,345
40309.0,M,307
40310.0,F,68
40310.0,M,90
40311.0,F,95
40311.0,M,103
40312.0,F,158
40312.0,M,158
40313.0,F,74
40313.0,M,70
40401.0,F,549
40401.0,M,492
40402.0,F,73
40402.0,M,37
40403.0,F,15
40403.0,M,12
40404.0,F,142
40404.0,M,168
40405.0,F,102
40405.0,M,102
40406.0,F,67
40406.0,M,53
40407.0,F,58
40407.0,M,65
40408.0,F,38
40408.0,M,50
40409.0,F,971
40409.0,M,961
40410.0,F,145
40410.0,M,167
40411.0,F,22
40411.0,M,38
40412.0,F,35
40412.0,M,20
40413.0,F,419
40413.0,M,438
40414.0,F,62
40414.0,M,75
40501.0,F,391
40501.0,M,449
40502.0,F,30
40502.0,M,39
40503.0,F,97
40503.0,M,136
40504.0,F,85
40504.0,M,71
40505.0,F,254
40505.0,M,269
40506.0,F,55
40506.0,M,51
40507.0,F,44
40507.0,M,33
40508.0,F,55
40508.0,M,54
40509.0,F,25
40509.0,M,25
40510.0,F,73
40510.0,M,77
40511.0,F,78
40511.0,M,108
40512.0,F,27
40512.0,M,29
40513.0,F,33
40513.0,M,19
40514.0,F,101
40514.0,M,86
40515.0,F,29
40515.0,M,30
40516.0,F,42
40516.0,M,35
40517.0,F,92
40517.0,M,86
40518.0,F,38
40518.0,M,28
40519.0,F,115
40519.0,M,116
40520.0,F,4395
40520.0,M,4312
40601.0,F,150
40601.0,M,149
40602.0,F,19
40602.0,M,37
40603.0,F,296
40603.0,M,352
40604.0,F,36
40604.0,M,46
40605.0,F,34
40605.0,M,38
40606.0,F,152
40606.0,M,192
40607.0,F,58
40607.0,M,36
40608.0,F,537
40608.0,M,513
40701.0,F,1116
40701.0,M,1007
40702.0,F,414
40702.0,M,435
40703.0,F,338
40703.0,M,333
40704.0,F,424
40704.0,M,434
40705.0,F,26
40705.0,M,27
40706.0,F,281
40706.0,M,277
40801.0,F,142
40801.0,M,167
40802.0,F,162
40802.0,M,165
40803.0,F,53
40803.0,M,52
40804.0,F,154
40804.0,M,139
40805.0,F,82
40805.0,M,85
40806.0,F,247
40806.0,M,207
40807.0,F,35
40807.0,M,19
40808.0,F,42
40808.0,M,42
40809.0,F,19
40809.0,M,19
40810.0,F,36
40810.0,M,45
40811.0,F,63
40811.0,M,52
50101.0,F,5892
50101.0,M,5815
50102.0,F,887
50102.0,M,870
50103.0,F,508
50103.0,M,418
50104.0,F,1380
50104.0,M,1340
50105.0,F,557
50105.0,M,550
50106.0,F,445
50106.0,M,446
50107.0,F,196
50107.0,M,212
50108.0,F,378
50108.0,M,334
50109.0,F,318
50109.0,M,238
50110.0,F,3126
50110.0,M,2968
50111.0,F,115
50111.0,M,122
50112.0,F,504
50112.0,M,544
50113.0,F,492
50113.0,M,440
50114.0,F,1504
50114.0,M,1452
50115.0,F,1073
50115.0,M,960
50116.0,F,230
50116.0,M,241
50201.0,F,458
50201.0,M,412
50202.0,F,565
50202.0,M,570
50203.0,F,565
50203.0,M,566
50204.0,F,167
50204.0,M,178
50205.0,F,365
50205.0,M,345
50206.0,F,222
50206.0,M,269
50301.0,F,212
50301.0,M,228
50302.0,F,172
50302.0,M,135
50303.0,F,89
50303.0,M,111
50304.0,F,228
50304.0,M,178
50401.0,F,3103
50401.0,M,2875
50402.0,F,483
50402.0,M,403
50403.0,F,377
50403.0,M,383
50404.0,F,260
50404.0,M,210
50405.0,F,391
50405.0,M,368
50406.0,F,283
50406.0,M,301
50407.0,F,1134
50407.0,M,1012
50408.0,F,827
50408.0,M,821
50409.0,F,231
50409.0,M,216
50410.0,F,412
50410.0,M,379
50411.0,F,565
50411.0,M,619
50412.0,F,263
50412.0,M,246
50501.0,F,770
50501.0,M,711
50502.0,F,897
50502.0,M,805
50503.0,F,691
50503.0,M,675
50504.0,F,191
50504.0,M,191
50505.0,F,715
50505.0,M,682
50506.0,F,85
50506.0,M,77
50507.0,F,860
50507.0,M,873
50508.0,F,1365
50508.0,M,1438
50509.0,F,679
50509.0,M,558
50510.0,F,449
50510.0,M,412
50511.0,F,57
50511.0,M,53
50601.0,F,890
50601.0,M,826
50602.0,F,264
50602.0,M,274
50603.0,F,177
50603.0,M,182
50604.0,F,142
50604.0,M,134
50605.0,F,147
50605.0,M,123
50606.0,F,222
50606.0,M,234
50607.0,F,187
50607.0,M,142
50608.0,F,84
50608.0,M,97
50609.0,F,66
50609.0,M,66
50610.0,F,76
50610.0,M,61
50611.0,F,275
50611.0,M,221
50612.0,F,157
50612.0,M,166
50613.0,F,198
50613.0,M,159
50614.0,F,31
50614.0,M,32
50615.0,F,176
50615.0,M,179
50616.0,F,62
50616.0,M,55
50617.0,F,243
50617.0,M,182
50618.0,F,101
50618.0,M,94
50619.0,F,547
50619.0,M,468
50620.0,F,33
50620.0,M,28
50621.0,F,43
50621.0,M,43
50701.0,F,1000
50701.0,M,917
50702.0,F,170
50702.0,M,178
50703.0,F,92
50703.0,M,134
50704.0,F,176
50704.0,M,85
50705.0,F,368
50705.0,M,319
50706.0,F,137
50706.0,M,109
50707.0,F,47
50707.0,M,60
50708.0,F,182
50708.0,M,199
50801.0,F,184
50801.0,M,136
50802.0,F,77
50802.0,M,40
50803.0,F,26
50803.0,M,37
50804.0,F,146
50804.0,M,144
50805.0,F,36
50805.0,M,26
50806.0,F,95
50806.0,M,116
50807.0,F,40
50807.0,M,22
50808.0,F,17
50808.0,M,16
50809.0,F,21
50809.0,M,7
50810.0,F,53
50810.0,M,34
50901.0,F,151
50901.0,M,170
50902.0,F,36
50902.0,M,41
50903.0,F,51
50903.0,M,35
50904.0,F,33
50904.0,M,30
50905.0,F,44
50905.0,M,50
50906.0,F,71
50906.0,M,72
50907.0,F,45
50907.0,M,67
50908.0,F,78
50908.0,M,72
50909.0,F,111
50909.0,M,115
50910.0,F,60
50910.0,M,34
50911.0,F,107
50911.0,M,82
51001.0,F,100
51001.0,M,91
51002.0,F,154
51002.0,M,122
51003.0,F,60
51003.0,M,68
51004.0,F,24
51004.0,M,29
51005.0,F,203
51005.0,M,182
51006.0,F,77
51006.0,M,77
51007.0,F,52
51007.0,M,67
51008.0,F,98
51008.0,M,75
51009.0,F,77
51009.0,M,58
51010.0,F,204
51010.0,M,160
51011.0,F,213
51011.0,M,166
51012.0,F,181
51012.0,M,224
51101.0,F,490
51101.0,M,541
51102.0,F,61
51102.0,M,49
51103.0,F,57
51103.0,M,75
51104.0,F,222
51104.0,M,236
51105.0,F,180
51105.0,M,131
51106.0,F,106
51106.0,M,65
51107.0,F,81
51107.0,M,75
51108.0,F,390
51108.0,M,295
60101.0,F,12237
60101.0,M,11750
60102.0,F,667
60102.0,M,736
60103.0,F,250
60103.0,M,258
60104.0,F,468
60104.0,M,507
60105.0,F,1322
60105.0,M,1403
60106.0,F,991
60106.0,M,937
60107.0,F,301
60107.0,M,289
60108.0,F,2244
60108.0,M,2183
60109.0,F,582
60109.0,M,566
60110.0,F,166
60110.0,M,172
60111.0,F,705
60111.0,M,701
60112.0,F,315
60112.0,M,297
60201.0,F,1723
60201.0,M,1699
60202.0,F,1939
60202.0,M,1838
60203.0,F,922
60203.0,M,897
60204.0,F,658
60204.0,M,632
60301.0,F,1523
60301.0,M,1428
60302.0,F,237
60302.0,M,246
60303.0,F,653
60303.0,M,632
60304.0,F,863
60304.0,M,798
60305.0,F,20
60305.0,M,26
60306.0,F,126
60306.0,M,111
60307.0,F,337
60307.0,M,424
60308.0,F,402
60308.0,M,435
60309.0,F,542
60309.0,M,421
60310.0,F,377
60310.0,M,363
60311.0,F,84
60311.0,M,74
60312.0,F,571
60312.0,M,549
60401.0,F,2251
60401.0,M,2217
60402.0,F,271
60402.0,M,281
60403.0,F,275
60403.0,M,238
60404.0,F,236
60404.0,M,236
60405.0,F,247
60405.0,M,221
60406.0,F,164
60406.0,M,178
60407.0,F,387
60407.0,M,300
60408.0,F,436
60408.0,M,431
60409.0,F,516
60409.0,M,493
60410.0,F,665
60410.0,M,583
60411.0,F,358
60411.0,M,417
60412.0,F,252
60412.0,M,258
60413.0,F,302
60413.0,M,333
60414.0,F,78
60414.0,M,93
60415.0,F,497
60415.0,M,489
60416.0,F,29
60416.0,M,44
60417.0,F,1056
60417.0,M,1097
60418.0,F,40
60418.0,M,50
60419.0,F,571
60419.0,M,619
60501.0,F,456
60501.0,M,474
60502.0,F,120
60502.0,M,120
60503.0,F,69
60503.0,M,74
60504.0,F,186
60504.0,M,199
60505.0,F,180
60505.0,M,204
60506.0,F,72
60506.0,M,58
60507.0,F,161
60507.0,M,164
60508.0,F,345
60508.0,M,294
60601.0,F,3040
60601.0,M,2972
60602.0,F,636
60602.0,M,707
60603.0,F,206
60603.0,M,214
60604.0,F,188
60604.0,M,191
60605.0,F,318
60605.0,M,320
60606.0,F,362
60606.0,M,365
60607.0,F,1095
60607.0,M,1112
60608.0,F,336
60608.0,M,271
60609.0,F,137
60609.0,M,111
60610.0,F,218
60610.0,M,253
60611.0,F,194
60611.0,M,197
60612.0,F,369
60612.0,M,384
60613.0,F,480
60613.0,M,472
60614.0,F,702
60614.0,M,638
60615.0,F,57
60615.0,M,50
60701.0,F,4160
60701.0,M,4113
60702.0,F,168
60702.0,M,190
60703.0,F,913
60703.0,M,797
60801.0,F,5151
60801.0,M,4980
60802.0,F,796
60802.0,M,755
60803.0,F,655
60803.0,M,651
60804.0,F,644
60804.0,M,598
60805.0,F,434
60805.0,M,460
60806.0,F,214
60806.0,M,229
60807.0,F,688
60807.0,M,698
60808.0,F,382
60808.0,M,403
60809.0,F,628
60809.0,M,628
60810.0,F,422
60810.0,M,401
60811.0,F,439
60811.0,M,491
60812.0,F,664
60812.0,M,591
60901.0,F,2407
60901.0,M,2332
60902.0,F,936
60902.0,M,859
60903.0,F,1441
60903.0,M,1280
60904.0,F,1448
60904.0,M,1355
60905.0,F,884
60905.0,M,856
60906.0,F,1651
60906.0,M,1519
60907.0,F,1573
60907.0,M,1681
61001.0,F,959
61001.0,M,923
61002.0,F,183
61002.0,M,187
61003.0,F,94
61003.0,M,120
61004.0,F,353
61004.0,M,340
61005.0,F,79
61005.0,M,76
61006.0,F,231
61006.0,M,230
61007.0,F,1042
61007.0,M,965
61101.0,F,756
61101.0,M,685
61102.0,F,66
61102.0,M,56
61103.0,F,193
61103.0,M,225
61104.0,F,200
61104.0,M,181
61105.0,F,53
61105.0,M,71
61106.0,F,97
61106.0,M,93
61107.0,F,312
61107.0,M,294
61108.0,F,69
61108.0,M,68
61109.0,F,185
61109.0,M,223
61110.0,F,94
61110.0,M,107
61111.0,F,203
61111.0,M,215
61112.0,F,214
61112.0,M,198
61113.0,F,184
61113.0,M,180
61201.0,F,808
61201.0,M,785
61202.0,F,305
61202.0,M,235
61203.0,F,62
61203.0,M,65
61204.0,F,207
61204.0,M,228
61301.0,F,564
61301.0,M,552
61302.0,F,67
61302.0,M,60
61303.0,F,536
61303.0,M,539
61304.0,F,212
61304.0,M,214
61305.0,F,108
61305.0,M,109
61306.0,F,136
61306.0,M,136
61307.0,F,236
61307.0,M,230
61308.0,F,95
61308.0,M,99
61309.0,F,23
61309.0,M,22
61310.0,F,77
61310.0,M,65
61311.0,F,185
61311.0,M,182
70101.0,F,16854
70101.0,M,16218
70102.0,F,2535
70102.0,M,2324
70103.0,F,1706
70103.0,M,1722
70104.0,F,1950
70104.0,M,1786
70105.0,F,61
70105.0,M,83
70106.0,F,21519
70106.0,M,20313
70107.0,F,3333
70107.0,M,3318
80101.0,F,4787
80101.0,M,4562
80102.0,F,151
80102.0,M,145
80103.0,F,534
80103.0,M,429
80104.0,F,2326
80104.0,M,2320
80105.0,F,5330
80105.0,M,5382
80106.0,F,4501
80106.0,M,4363
80107.0,F,269
80107.0,M,261
80108.0,F,2296
80108.0,M,2197
80201.0,F,391
80201.0,M,344
80202.0,F,149
80202.0,M,126
80203.0,F,153
80203.0,M,105
80204.0,F,140
80204.0,M,116
80205.0,F,664
80205.0,M,673
80206.0,F,117
80206.0,M,130
80207.0,F,234
80207.0,M,221
80301.0,F,802
80301.0,M,804
80302.0,F,344
80302.0,M,332
80303.0,F,104
80303.0,M,110
80304.0,F,310
80304.0,M,243
80305.0,F,272
80305.0,M,320
80306.0,F,467
80306.0,M,496
80307.0,F,114
80307.0,M,107
80308.0,F,273
80308.0,M,226
80309.0,F,152
80309.0,M,124
80401.0,F,1253
80401.0,M,1227
80402.0,F,213
80402.0,M,184
80403.0,F,398
80403.0,M,349
80404.0,F,425
80404.0,M,390
80405.0,F,595
80405.0,M,557
80406.0,F,379
80406.0,M,351
80407.0,F,241
80407.0,M,270
80408.0,F,685
80408.0,M,707
80501.0,F,642
80501.0,M,607
80502.0,F,459
80502.0,M,404
80503.0,F,297
80503.0,M,340
80504.0,F,134
80504.0,M,136
80505.0,F,404
80505.0,M,411
80506.0,F,108
80506.0,M,120
80507.0,F,241
80507.0,M,240
80508.0,F,180
80508.0,M,153
80601.0,F,3292
80601.0,M,3039
80602.0,F,248
80602.0,M,265
80603.0,F,278
80603.0,M,251
80604.0,F,582
80604.0,M,593
80605.0,F,499
80605.0,M,461
80606.0,F,230
80606.0,M,248
80607.0,F,85
80607.0,M,95
80608.0,F,251
80608.0,M,244
80701.0,F,1642
80701.0,M,1654
80702.0,F,298
80702.0,M,239
80703.0,F,621
80703.0,M,558
80704.0,F,502
80704.0,M,512
80705.0,F,1031
80705.0,M,956
80706.0,F,457
80706.0,M,492
80707.0,F,407
80707.0,M,341
80708.0,F,548
80708.0,M,507
80801.0,F,1927
80801.0,M,1806
80802.0,F,53
80802.0,M,81
80803.0,F,1142
80803.0,M,1233
80804.0,F,85
80804.0,M,72
80805.0,F,309
80805.0,M,284
80806.0,F,171
80806.0,M,157
80807.0,F,158
80807.0,M,159
80808.0,F,181
80808.0,M,169
80901.0,F,1563
80901.0,M,1425
80902.0,F,1768
80902.0,M,1588
80903.0,F,172
80903.0,M,164
80904.0,F,212
80904.0,M,249
80905.0,F,335
80905.0,M,328
80906.0,F,1169
80906.0,M,979
80907.0,F,1063
80907.0,M,1035
80908.0,F,282
80908.0,M,302
80909.0,F,857
80909.0,M,834
80910.0,F,1557
80910.0,M,1487
80911.0,F,306
80911.0,M,290
80912.0,F,112
80912.0,M,99
80913.0,F,201
80913.0,M,169
80914.0,F,1326
80914.0,M,1201
81001.0,F,164
81001.0,M,170
81002.0,F,229
81002.0,M,226
81003.0,F,255
81003.0,M,210
81004.0,F,47
81004.0,M,49
81005.0,F,384
81005.0,M,333
81006.0,F,579
81006.0,M,542
81007.0,F,70
81007.0,M,93
81008.0,F,34
81008.0,M,37
81009.0,F,124
81009.0,M,115
81101.0,F,1030
81101.0,M,931
81102.0,F,191
81102.0,M,187
81103.0,F,900
81103.0,M,847
81104.0,F,848
81104.0,M,822
81105.0,F,582
81105.0,M,551
81106.0,F,379
81106.0,M,329
81201.0,F,480
81201.0,M,506
81202.0,F,313
81202.0,M,344
81203.0,F,103
81203.0,M,79
81204.0,F,264
81204.0,M,231
81205.0,F,1341
81205.0,M,1363
81206.0,F,274
81206.0,M,251
81207.0,F,230
81207.0,M,202
81208.0,F,206
81208.0,M,199
81209.0,F,316
81209.0,M,322
81210.0,F,1123
81210.0,M,1063
81211.0,F,371
81211.0,M,360
81212.0,F,809
81212.0,M,692
81301.0,F,1111
81301.0,M,999
81302.0,F,482
81302.0,M,481
81303.0,F,247
81303.0,M,218
81304.0,F,297
81304.0,M,299
81305.0,F,288
81305.0,M,291
81306.0,F,657
81306.0,M,636
81307.0,F,153
81307.0,M,143
90101.0,F,2440
90101.0,M,2325
90102.0,F,374
90102.0,M,351
90103.0,F,3015
90103.0,M,2826
90104.0,F,75
90104.0,M,68
90105.0,F,239
90105.0,M,132
90106.0,F,252
90106.0,M,248
90107.0,F,38
90107.0,M,54
90108.0,F,70
90108.0,M,60
90109.0,F,115
90109.0,M,81
90110.0,F,89
90110.0,M,131
90111.0,F,59
90111.0,M,90
90112.0,F,154
90112.0,M,109
90113.0,F,225
90113.0,M,170
90114.0,F,213
90114.0,M,167
90115.0,F,40
90115.0,M,29
90116.0,F,231
90116.0,M,241
90117.0,F,3299
90117.0,M,3190
90118.0,F,794
90118.0,M,787
90119.0,F,665
90119.0,M,590
90201.0,F,770
90201.0,M,686
90202.0,F,453
90202.0,M,467
90203.0,F,810
90203.0,M,799
90204.0,F,163
90204.0,M,167
90205.0,F,206
90205.0,M,149
90206.0,F,3056
90206.0,M,2928
90207.0,F,251
90207.0,M,232
90208.0,F,636
90208.0,M,521
90301.0,F,2199
90301.0,M,2083
90302.0,F,877
90302.0,M,843
90303.0,F,55
90303.0,M,52
90304.0,F,257
90304.0,M,244
90305.0,F,278
90305.0,M,264
90306.0,F,344
90306.0,M,348
90307.0,F,202
90307.0,M,200
90308.0,F,122
90308.0,M,133
90309.0,F,110
90309.0,M,100
90310.0,F,547
90310.0,M,557
90311.0,F,194
90311.0,M,176
90312.0,F,326
90312.0,M,299
90401.0,F,269
90401.0,M,256
90402.0,F,104
90402.0,M,81
90403.0,F,146
90403.0,M,165
90404.0,F,132
90404.0,M,108
90405.0,F,108
90405.0,M,103
90406.0,F,77
90406.0,M,93
90407.0,F,98
90407.0,M,113
90408.0,F,26
90408.0,M,29
90409.0,F,116
90409.0,M,114
90410.0,F,37
90410.0,M,34
90411.0,F,85
90411.0,M,68
90412.0,F,44
90412.0,M,31
90413.0,F,102
90413.0,M,94
90501.0,F,508
90501.0,M,468
90502.0,F,688
90502.0,M,603
90503.0,F,249
90503.0,M,237
90504.0,F,267
90504.0,M,261
90505.0,F,110
90505.0,M,84
90506.0,F,349
90506.0,M,318
90507.0,F,565
90507.0,M,496
90508.0,F,70
90508.0,M,79
90509.0,F,261
90509.0,M,275
90510.0,F,262
90510.0,M,265
90511.0,F,368
90511.0,M,430
90601.0,F,162
90601.0,M,153
90602.0,F,32
90602.0,M,47
90603.0,F,99
90603.0,M,119
90604.0,F,21
90604.0,M,39
90605.0,F,45
90605.0,M,42
90606.0,F,113
90606.0,M,158
90607.0,F,363
90607.0,M,358
90608.0,F,75
90608.0,M,64
90609.0,F,60
90609.0,M,52
90610.0,F,140
90610.0,M,158
90611.0,F,38
90611.0,M,41
90612.0,F,62
90612.0,M,51
90613.0,F,207
90613.0,M,190
90614.0,F,59
90614.0,M,43
90615.0,F,46
90615.0,M,45
90616.0,F,16
90616.0,M,19
90701.0,F,827
90701.0,M,864
90702.0,F,350
90702.0,M,317
90703.0,F,385
90703.0,M,281
90704.0,F,424
90704.0,M,423
90705.0,F,1042
90705.0,M,1032
90706.0,F,774
90706.0,M,744
90707.0,F,370
90707.0,M,380
90709.0,F,236
90709.0,M,227
90710.0,F,150
90710.0,M,153
90711.0,F,558
90711.0,M,557
90713.0,F,90
90713.0,M,61
90714.0,F,407
90714.0,M,336
90715.0,F,248
90715.0,M,249
90716.0,F,162
90716.0,M,210
90717.0,F,418
90717.0,M,420
90718.0,F,606
90718.0,M,555
90719.0,F,376
90719.0,M,318
90720.0,F,188
90720.0,M,190
90721.0,F,403
90721.0,M,386
90722.0,F,283
90722.0,M,263
90723.0,F,88
90723.0,M,68
100101.0,F,4272
100101.0,M,4017
100102.0,F,4147
100102.0,M,3857
100103.0,F,884
100103.0,M,807
100104.0,F,1889
100104.0,M,1816
100105.0,F,684
100105.0,M,716
100106.0,F,576
100106.0,M,487
100107.0,F,274
100107.0,M,228
100108.0,F,627
100108.0,M,515
100109.0,F,1505
100109.0,M,1345
100110.0,F,204
100110.0,M,217
100111.0,F,1408
100111.0,M,1283
100112.0,F,423
100112.0,M,410
100113.0,F,905
100113.0,M,907
100201.0,F,990
100201.0,M,1024
100202.0,F,204
100202.0,M,217
100203.0,F,177
100203.0,M,175
100204.0,F,349
100204.0,M,322
100205.0,F,433
100205.0,M,352
100206.0,F,193
100206.0,M,185
100207.0,F,860
100207.0,M,821
100208.0,F,206
100208.0,M,189
100301.0,F,381
100301.0,M,389
100307.0,F,415
100307.0,M,404
100311.0,F,853
100311.0,M,798
100313.0,F,794
100313.0,M,687
100316.0,F,166
100316.0,M,161
100317.0,F,567
100317.0,M,533
100321.0,F,177
100321.0,M,179
100322.0,F,221
100322.0,M,153
100323.0,F,215
100323.0,M,244
100401.0,F,540
100401.0,M,572
100402.0,F,236
100402.0,M,265
100403.0,F,224
100403.0,M,230
100404.0,F,681
100404.0,M,630
100501.0,F,1013
100501.0,M,935
100502.0,F,106
100502.0,M,99
100503.0,F,247
100503.0,M,224
100504.0,F,426
100504.0,M,406
100505.0,F,250
100505.0,M,232
100506.0,F,298
100506.0,M,324
100507.0,F,1800
100507.0,M,1806
100508.0,F,174
100508.0,M,180
100509.0,F,348
100509.0,M,354
100510.0,F,198
100510.0,M,241
100511.0,F,242
100511.0,M,211
100601.0,F,2179
100601.0,M,2184
100602.0,F,501
100602.0,M,513
100603.0,F,292
100603.0,M,285
100604.0,F,1865
100604.0,M,1872
100605.0,F,617
100605.0,M,579
100606.0,F,694
100606.0,M,619
100607.0,F,304
100607.0,M,318
100608.0,F,592
100608.0,M,557
100609.0,F,404
100609.0,M,421
100610.0,F,252
100610.0,M,256
100701.0,F,1214
100701.0,M,1159
100702.0,F,697
100702.0,M,643
100703.0,F,227
100703.0,M,205
100704.0,F,130
100704.0,M,109
100705.0,F,170
100705.0,M,181
100801.0,F,1968
100801.0,M,1980
100802.0,F,887
100802.0,M,782
100803.0,F,1113
100803.0,M,1032
100804.0,F,1529
100804.0,M,1447
100901.0,F,573
100901.0,M,584
100902.0,F,493
100902.0,M,493
100903.0,F,514
100903.0,M,399
100904.0,F,337
100904.0,M,327
100905.0,F,459
100905.0,M,431
101001.0,F,335
101001.0,M,367
101002.0,F,476
101002.0,M,360
101003.0,F,140
101003.0,M,178
101004.0,F,148
101004.0,M,147
101005.0,F,489
101005.0,M,516
101006.0,F,193
101006.0,M,171
101007.0,F,738
101007.0,M,681
101101.0,F,469
101101.0,M,489
101102.0,F,241
101102.0,M,258
101103.0,F,201
101103.0,M,264
101104.0,F,456
101104.0,M,439
101105.0,F,120
101105.0,M,167
101106.0,F,411
101106.0,M,376
101107.0,F,146
101107.0,M,161
101108.0,F,264
101108.0,M,268
110101.0,F,5589
110101.0,M,5420
110102.0,F,1815
110102.0,M,1740
110103.0,F,986
110103.0,M,1006
110104.0,F,198
110104.0,M,166
110105.0,F,343
110105.0,M,365
110106.0,F,2835
110106.0,M,2699
110107.0,F,210
110107.0,M,219
110108.0,F,1318
110108.0,M,1261
110109.0,F,336
110109.0,M,268
110110.0,F,732
110110.0,M,669
110111.0,F,1612
110111.0,M,1568
110112.0,F,1601
110112.0,M,1467
110113.0,F,219
110113.0,M,238
110114.0,F,45
110114.0,M,40
110201.0,F,3243
110201.0,M,3152
110202.0,F,480
110202.0,M,425
110203.0,F,31
110203.0,M,41
110204.0,F,624
110204.0,M,671
110205.0,F,742
110205.0,M,723
110206.0,F,1417
110206.0,M,1366
110207.0,F,3482
110207.0,M,3369
110208.0,F,20
110208.0,M,22
110209.0,F,90
110209.0,M,94
110210.0,F,1487
110210.0,M,1445
110211.0,F,279
110211.0,M,268
110301.0,F,1128
110301.0,M,1088
110302.0,F,72
110302.0,M,60
110303.0,F,133
110303.0,M,117
110304.0,F,537
110304.0,M,543
110305.0,F,789
110305.0,M,753
110401.0,F,343
110401.0,M,327
110402.0,F,66
110402.0,M,88
110403.0,F,104
110403.0,M,82
110404.0,F,37
110404.0,M,49
110405.0,F,20
110405.0,M,15
110501.0,F,2641
110501.0,M,2528
110502.0,F,99
110502.0,M,84
110503.0,F,280
110503.0,M,308
110504.0,F,809
110504.0,M,756
110505.0,F,383
110505.0,M,408
110506.0,F,767
110506.0,M,707
110507.0,F,1239
110507.0,M,1222
110508.0,F,1083
110508.0,M,1005
120101.0,F,6075
120101.0,M,5933
120104.0,F,66
120104.0,M,44
120105.0,F,53
120105.0,M,48
120106.0,F,44
120106.0,M,47
120107.0,F,5197
120107.0,M,5127
120108.0,F,90
120108.0,M,68
120111.0,F,101
120111.0,M,99
120112.0,F,80
120112.0,M,100
120113.0,F,150
120113.0,M,144
120114.0,F,8396
120114.0,M,8207
120116.0,F,68
120116.0,M,80
120117.0,F,303
120117.0,M,277
120119.0,F,1256
120119.0,M,1247
120120.0,F,60
120120.0,M,71
120121.0,F,451
120121.0,M,436
120122.0,F,140
120122.0,M,159
120124.0,F,419
120124.0,M,419
120125.0,F,942
120125.0,M,916
120126.0,F,289
120126.0,M,300
120127.0,F,128
120127.0,M,98
120128.0,F,253
120128.0,M,271
120129.0,F,651
120129.0,M,646
120130.0,F,567
120130.0,M,518
120132.0,F,239
120132.0,M,228
120133.0,F,726
120133.0,M,692
120134.0,F,533
120134.0,M,522
120135.0,F,620
120135.0,M,646
120136.0,F,113
120136.0,M,147
120201.0,F,800
120201.0,M,755
120202.0,F,81
120202.0,M,75
120203.0,F,382
120203.0,M,385
120204.0,F,159
120204.0,M,216
120205.0,F,150
120205.0,M,140
120206.0,F,457
120206.0,M,428
120207.0,F,73
120207.0,M,98
120208.0,F,69
120208.0,M,75
120209.0,F,132
120209.0,M,115
120210.0,F,284
120210.0,M,277
120211.0,F,55
120211.0,M,80
120212.0,F,82
120212.0,M,83
120213.0,F,248
120213.0,M,234
120214.0,F,433
120214.0,M,418
120215.0,F,95
120215.0,M,105
120301.0,F,1399
120301.0,M,1346
120302.0,F,5680
120302.0,M,5364
120303.0,F,5063
120303.0,M,4775
120304.0,F,418
120304.0,M,378
120305.0,F,1617
120305.0,M,1538
120306.0,F,90
120306.0,M,89
120401.0,F,757
120401.0,M,696
120402.0,F,395
120402.0,M,444
120403.0,F,249
120403.0,M,242
120404.0,F,65
120404.0,M,50
120405.0,F,119
120405.0,M,116
120406.0,F,112
120406.0,M,95
120407.0,F,133
120407.0,M,142
120408.0,F,106
120408.0,M,81
120409.0,F,37
120409.0,M,37
120410.0,F,80
120410.0,M,80
120411.0,F,38
120411.0,M,50
120412.0,F,30
120412.0,M,31
120413.0,F,78
120413.0,M,76
120414.0,F,58
120414.0,M,33
120415.0,F,83
120415.0,M,84
120416.0,F,98
120416.0,M,125
120417.0,F,42
120417.0,M,52
120418.0,F,94
120418.0,M,84
120419.0,F,71
120419.0,M,71
120420.0,F,56
120420.0,M,43
120421.0,F,107
120421.0,M,134
120422.0,F,54
120422.0,M,42
120423.0,F,118
120423.0,M,106
120424.0,F,55
120424.0,M,69
120425.0,F,70
120425.0,M,64
120426.0,F,181
120426.0,M,170
120427.0,F,135
120427.0,M,109
120428.0,F,144
120428.0,M,151
120429.0,F,38
120429.0,M,32
120430.0,F,176
120430.0,M,180
120431.0,F,328
120431.0,M,307
120432.0,F,72
120432.0,M,65
120433.0,F,79
120433.0,M,70
120434.0,F,514
120434.0,M,560
120501.0,F,470
120501.0,M,446
120502.0,F,393
120502.0,M,359
120503.0,F,101
120503.0,M,104
120504.0,F,371
120504.0,M,329
120601.0,F,3037
120601.0,M,2867
120602.0,F,433
120602.0,M,405
120603.0,F,477
120603.0,M,512
120604.0,F,4615
120604.0,M,4728
120605.0,F,836
120605.0,M,695
120606.0,F,4396
120606.0,M,4265
120607.0,F,2216
120607.0,M,2150
120608.0,F,5841
120608.0,M,5743
120609.0,F,276
120609.0,M,283
120701.0,F,2500
120701.0,M,2453
120702.0,F,655
120702.0,M,585
120703.0,F,231
120703.0,M,186
120704.0,F,849
120704.0,M,807
120705.0,F,183
120705.0,M,192
120706.0,F,358
120706.0,M,337
120707.0,F,293
120707.0,M,314
120708.0,F,273
120708.0,M,279
120709.0,F,482
120709.0,M,371
120801.0,F,782
120801.0,M,712
120802.0,F,42
120802.0,M,40
120803.0,F,89
120803.0,M,82
120804.0,F,82
120804.0,M,83
120805.0,F,340
120805.0,M,319
120806.0,F,102
120806.0,M,78
120807.0,F,132
120807.0,M,137
120808.0,F,574
120808.0,M,498
120809.0,F,76
120809.0,M,76
120810.0,F,316
120810.0,M,291
120901.0,F,1296
120901.0,M,1246
120902.0,F,308
120902.0,M,313
120903.0,F,226
120903.0,M,194
120904.0,F,192
120904.0,M,181
120905.0,F,284
120905.0,M,259
120906.0,F,127
120906.0,M,101
120907.0,F,256
120907.0,M,247
120908.0,F,112
120908.0,M,107
120909.0,F,313
120909.0,M,267
130101.0,F,11342
130101.0,M,10681
130102.0,F,10389
130102.0,M,10031
130103.0,F,1973
130103.0,M,1900
130104.0,F,3960
130104.0,M,3695
130105.0,F,8662
130105.0,M,8397
130106.0,F,1741
130106.0,M,1644
130107.0,F,1743
130107.0,M,1674
130108.0,F,209
130108.0,M,200
130109.0,F,1041
130109.0,M,997
130110.0,F,278
130110.0,M,255
130111.0,F,2466
130111.0,M,2382
130201.0,F,319
130201.0,M,318
130202.0,F,754
130202.0,M,750
130203.0,F,381
130203.0,M,377
130204.0,F,147
130204.0,M,117
130205.0,F,1378
130205.0,M,1405
130206.0,F,472
130206.0,M,493
130207.0,F,846
130207.0,M,810
130208.0,F,1248
130208.0,M,1198
130301.0,F,415
130301.0,M,353
130302.0,F,326
130302.0,M,357
130303.0,F,175
130303.0,M,205
130304.0,F,124
130304.0,M,116
130305.0,F,233
130305.0,M,187
130306.0,F,64
130306.0,M,60
130401.0,F,2232
130401.0,M,2167
130402.0,F,1400
130402.0,M,1346
130403.0,F,822
130403.0,M,842
130501.0,F,743
130501.0,M,666
130502.0,F,483
130502.0,M,419
130503.0,F,518
130503.0,M,533
130504.0,F,653
130504.0,M,625
130601.0,F,1575
130601.0,M,1500
130602.0,F,698
130602.0,M,696
130604.0,F,141
130604.0,M,157
130605.0,F,341
130605.0,M,329
130606.0,F,43
130606.0,M,43
130608.0,F,163
130608.0,M,169
130610.0,F,39
130610.0,M,45
130611.0,F,341
130611.0,M,356
130613.0,F,583
130613.0,M,664
130614.0,F,1985
130614.0,M,1823
130701.0,F,705
130701.0,M,676
130702.0,F,2290
130702.0,M,2201
130703.0,F,193
130703.0,M,197
130704.0,F,1341
130704.0,M,1270
130705.0,F,578
130705.0,M,572
130801.0,F,967
130801.0,M,918
130802.0,F,229
130802.0,M,231
130803.0,F,1234
130803.0,M,1106
130804.0,F,510
130804.0,M,492
130805.0,F,256
130805.0,M,225
130806.0,F,338
130806.0,M,347
130807.0,F,131
130807.0,M,146
130808.0,F,2357
130808.0,M,2202
130809.0,F,860
130809.0,M,924
130810.0,F,83
130810.0,M,79
130811.0,F,152
130811.0,M,159
130812.0,F,169
130812.0,M,192
130813.0,F,174
130813.0,M,196
130901.0,F,4242
130901.0,M,4096
130902.0,F,1485
130902.0,M,1443
130903.0,F,767
130903.0,M,742
130904.0,F,637
130904.0,M,627
130905.0,F,1375
130905.0,M,1192
130906.0,F,1224
130906.0,M,1151
130907.0,F,833
130907.0,M,777
130908.0,F,1244
130908.0,M,1326
131001.0,F,1467
131001.0,M,1300
131002.0,F,592
131002.0,M,613
131003.0,F,596
131003.0,M,572
131004.0,F,123
131004.0,M,171
131005.0,F,152
131005.0,M,162
131006.0,F,1226
131006.0,M,1161
131007.0,F,163
131007.0,M,203
131008.0,F,266
131008.0,M,244
131101.0,F,838
131101.0,M,777
131102.0,F,547
131102.0,M,451
131103.0,F,158
131103.0,M,154
131104.0,F,709
131104.0,M,593
131201.0,F,4707
131201.0,M,4499
131202.0,F,3067
131202.0,M,3087
131203.0,F,627
131203.0,M,593
140101.0,F,12216
140101.0,M,12001
140102.0,F,807
140102.0,M,796
140103.0,F,550
140103.0,M,503
140104.0,F,87
140104.0,M,84
140105.0,F,9880
140105.0,M,9419
140106.0,F,4505
140106.0,M,4438
140107.0,F,480
140107.0,M,505
140108.0,F,1717
140108.0,M,1691
140109.0,F,79
140109.0,M,92
140110.0,F,439
140110.0,M,436
140111.0,F,389
140111.0,M,406
140112.0,F,2335
140112.0,M,2269
140113.0,F,668
140113.0,M,644
140114.0,F,808
140114.0,M,751
140115.0,F,562
140115.0,M,551
140116.0,F,594
140116.0,M,538
140117.0,F,1082
140117.0,M,968
140118.0,F,1220
140118.0,M,1166
140119.0,F,361
140119.0,M,327
140120.0,F,1399
140120.0,M,1270
140201.0,F,1687
140201.0,M,1558
140202.0,F,1375
140202.0,M,1275
140203.0,F,1234
140203.0,M,1162
140204.0,F,219
140204.0,M,224
140205.0,F,1307
140205.0,M,1299
140206.0,F,706
140206.0,M,692
140301.0,F,3931
140301.0,M,3865
140302.0,F,72
140302.0,M,60
140303.0,F,495
140303.0,M,497
140304.0,F,969
140304.0,M,987
140305.0,F,995
140305.0,M,1029
140306.0,F,3328
140306.0,M,3160
140307.0,F,1379
140307.0,M,1345
140308.0,F,2420
140308.0,M,2297
140309.0,F,378
140309.0,M,371
140310.0,F,829
140310.0,M,834
140311.0,F,1135
140311.0,M,1080
140312.0,F,1357
140312.0,M,1293
150101.0,F,10892
150101.0,M,10539
150102.0,F,2374
150102.0,M,2398
150103.0,F,35614
150103.0,M,34305
150104.0,F,923
150104.0,M,969
150105.0,F,2767
150105.0,M,2788
150106.0,F,17817
150106.0,M,17092
150107.0,F,2011
150107.0,M,1898
150108.0,F,16108
150108.0,M,15178
150109.0,F,2560
150109.0,M,2463
150110.0,F,26282
150110.0,M,25515
150111.0,F,10196
150111.0,M,9823
150112.0,F,10808
150112.0,M,10309
150113.0,F,1987
150113.0,M,2030
150114.0,F,6380
150114.0,M,5968
150115.0,F,7532
150115.0,M,7188
150116.0,F,1485
150116.0,M,1414
150117.0,F,17625
150117.0,M,17368
150118.0,F,12012
150118.0,M,11796
150119.0,F,5155
150119.0,M,4989
150120.0,F,1753
150120.0,M,1804
150121.0,F,2309
150121.0,M,2292
150122.0,F,2028
150122.0,M,1916
150123.0,F,8584
150123.0,M,8099
150124.0,F,1120
150124.0,M,1075
150125.0,F,21612
150125.0,M,20690
150126.0,F,388
150126.0,M,387
150127.0,F,376
150127.0,M,425
150128.0,F,7143
150128.0,M,6893
150129.0,F,345
150129.0,M,365
150130.0,F,3471
150130.0,M,3404
150131.0,F,1355
150131.0,M,1358
150132.0,F,59402
150132.0,M,57334
150133.0,F,19919
150133.0,M,19238
150134.0,F,2474
150134.0,M,2368
150135.0,F,33860
150135.0,M,32135
150136.0,F,4829
150136.0,M,4697
150137.0,F,12472
150137.0,M,12015
150138.0,F,53
150138.0,M,57
150139.0,F,1063
150139.0,M,1023
150140.0,F,12627
150140.0,M,12272
150141.0,F,3473
150141.0,M,3370
150142.0,F,26545
150142.0,M,25288
150143.0,F,25039
150143.0,M,23848
150201.0,F,3922
150201.0,M,3841
150202.0,F,993
150202.0,M,977
150203.0,F,1015
150203.0,M,1009
150204.0,F,1224
150204.0,M,1173
150205.0,F,609
150205.0,M,619
150301.0,F,142
150301.0,M,146
150302.0,F,55
150302.0,M,49
150303.0,F,200
150303.0,M,174
150304.0,F,54
150304.0,M,42
150305.0,F,54
150305.0,M,44
150401.0,F,141
150401.0,M,112
150402.0,F,25
150402.0,M,23
150403.0,F,62
150403.0,M,56
150404.0,F,41
150404.0,M,38
150405.0,F,28
150405.0,M,51
150406.0,F,12
150406.0,M,11
150407.0,F,527
150407.0,M,508
150501.0,F,3230
150501.0,M,3152
150502.0,F,598
150502.0,M,621
150503.0,F,117
150503.0,M,108
150504.0,F,509
150504.0,M,468
150505.0,F,978
150505.0,M,965
150506.0,F,36
150506.0,M,51
150507.0,F,2542
150507.0,M,2452
150508.0,F,233
150508.0,M,172
150509.0,F,2128
150509.0,M,2000
150510.0,F,1439
150510.0,M,1445
150511.0,F,107
150511.0,M,108
150512.0,F,925
150512.0,M,914
150513.0,F,235
150513.0,M,211
150514.0,F,749
150514.0,M,751
150515.0,F,133
150515.0,M,120
150516.0,F,80
150516.0,M,71
150601.0,F,5380
150601.0,M,5278
150602.0,F,27
150602.0,M,25
150603.0,F,40
150603.0,M,51
150604.0,F,1088
150604.0,M,934
150605.0,F,3500
150605.0,M,3289
150606.0,F,162
150606.0,M,120
150607.0,F,23
150607.0,M,12
150608.0,F,16
150608.0,M,16
150609.0,F,33
150609.0,M,13
150610.0,F,41
150610.0,M,70
150611.0,F,28
150611.0,M,39
150612.0,F,19
150612.0,M,17
150701.0,F,189
150701.0,M,192
150702.0,F,71
150702.0,M,55
150703.0,F,215
150703.0,M,169
150704.0,F,82
150704.0,M,78
150705.0,F,496
150705.0,M,471
150706.0,F,28
150706.0,M,25
150707.0,F,144
150707.0,M,134
150708.0,F,100
150708.0,M,125
150709.0,F,58
150709.0,M,69
150710.0,F,24
150710.0,M,37
150711.0,F,45
150711.0,M,38
150712.0,F,71
150712.0,M,100
150713.0,F,83
150713.0,M,93
150714.0,F,341
150714.0,M,311
150715.0,F,100
150715.0,M,67
150716.0,F,368
150716.0,M,425
150717.0,F,106
150717.0,M,115
150718.0,F,70
150718.0,M,72
150719.0,F,70
150719.0,M,93
150720.0,F,25
150720.0,M,31
150721.0,F,77
150721.0,M,62
150722.0,F,294
150722.0,M,326
150723.0,F,73
150723.0,M,54
150724.0,F,62
150724.0,M,47
150725.0,F,6
150725.0,M,11
150726.0,F,33
150726.0,M,30
150727.0,F,128
150727.0,M,125
150728.0,F,632
150728.0,M,603
150729.0,F,31
150729.0,M,26
150730.0,F,26
150730.0,M,24
150731.0,F,286
150731.0,M,301
150732.0,F,69
150732.0,M,101
150801.0,F,2558
150801.0,M,2554
150802.0,F,189
150802.0,M,140
150803.0,F,359
150803.0,M,343
150804.0,F,83
150804.0,M,65
150805.0,F,1406
150805.0,M,1362
150806.0,F,1838
150806.0,M,1765
150807.0,F,123
150807.0,M,127
150808.0,F,88
150808.0,M,97
150809.0,F,67
150809.0,M,59
150810.0,F,1700
150810.0,M,1643
150811.0,F,1349
150811.0,M,1324
150812.0,F,1253
150812.0,M,1168
150901.0,F,945
150901.0,M,987
150902.0,F,21
150902.0,M,24
150903.0,F,67
150903.0,M,56
150904.0,F,98
150904.0,M,102
150905.0,F,88
150905.0,M,63
150906.0,F,207
150906.0,M,166
151001.0,F,145
151001.0,M,115
151002.0,F,68
151002.0,M,72
151003.0,F,108
151003.0,M,101
151004.0,F,24
151004.0,M,38
151005.0,F,48
151005.0,M,35
151006.0,F,24
151006.0,M,27
151007.0,F,24
151007.0,M,16
151008.0,F,45
151008.0,M,59
151009.0,F,86
151009.0,M,65
151010.0,F,22
151010.0,M,28
151011.0,F,60
151011.0,M,97
151012.0,F,21
151012.0,M,27
151013.0,F,4
151013.0,M,7
151014.0,F,48
151014.0,M,18
151015.0,F,34
151015.0,M,35
151016.0,F,49
151016.0,M,48
151017.0,F,4
151017.0,M,24
151018.0,F,31
151018.0,M,28
151019.0,F,79
151019.0,M,66
151020.0,F,60
151020.0,M,64
151021.0,F,36
151021.0,M,29
151022.0,F,21
151022.0,M,25
151023.0,F,24
151023.0,M,31
151024.0,F,41
151024.0,M,37
151025.0,F,28
151025.0,M,24
151026.0,F,47
151026.0,M,5
151027.0,F,17
151027.0,M,15
151028.0,F,42
151028.0,M,26
151029.0,F,18
151029.0,M,22
151030.0,F,69
151030.0,M,43
151031.0,F,40
151031.0,M,47
151032.0,F,139
151032.0,M,132
151033.0,F,29
151033.0,M,29
160101.0,F,6481
160101.0,M,5926
160102.0,F,195
160102.0,M,194
160103.0,F,1326
160103.0,M,1338
160104.0,F,715
160104.0,M,697
160105.0,F,733
160105.0,M,687
160106.0,F,911
160106.0,M,926
160107.0,F,1209
160107.0,M,1287
160108.0,F,4920
160108.0,M,4798
160110.0,F,342
160110.0,M,382
160112.0,F,4335
160112.0,M,4035
160113.0,F,8840
160113.0,M,8606
160201.0,F,4158
160201.0,M,4084
160202.0,F,1505
160202.0,M,1533
160205.0,F,439
160205.0,M,428
160206.0,F,911
160206.0,M,939
160210.0,F,335
160210.0,M,341
160211.0,F,434
160211.0,M,454
160301.0,F,1970
160301.0,M,1937
160302.0,F,510
160302.0,M,562
160303.0,F,664
160303.0,M,605
160304.0,F,648
160304.0,M,631
160305.0,F,1150
160305.0,M,1146
160401.0,F,1686
160401.0,M,1664
160402.0,F,1220
160402.0,M,1249
160403.0,F,1062
160403.0,M,1162
160404.0,F,1132
160404.0,M,1090
160501.0,F,1887
160501.0,M,1907
160502.0,F,133
160502.0,M,141
160503.0,F,297
160503.0,M,308
160504.0,F,535
160504.0,M,517
160505.0,F,630
160505.0,M,605
160506.0,F,460
160506.0,M,427
160507.0,F,329
160507.0,M,334
160508.0,F,54
160508.0,M,53
160509.0,F,69
160509.0,M,79
160510.0,F,383
160510.0,M,352
160511.0,F,291
160511.0,M,228
160601.0,F,1793
160601.0,M,1696
160602.0,F,218
160602.0,M,150
160603.0,F,600
160603.0,M,486
160604.0,F,718
160604.0,M,622
160605.0,F,1229
160605.0,M,1164
160606.0,F,666
160606.0,M,670
160701.0,F,1013
160701.0,M,943
160702.0,F,800
160702.0,M,744
160703.0,F,875
160703.0,M,815
160704.0,F,1243
160704.0,M,1142
160705.0,F,522
160705.0,M,589
160706.0,F,1125
160706.0,M,1139
160801.0,F,248
160801.0,M,231
160802.0,F,45
160802.0,M,34
160803.0,F,354
160803.0,M,272
160804.0,F,66
160804.0,M,74
170101.0,F,4576
170101.0,M,4114
170102.0,F,543
170102.0,M,523
170103.0,F,346
170103.0,M,363
170104.0,F,376
170104.0,M,315
170201.0,F,188
170201.0,M,168
170202.0,F,124
170202.0,M,113
170203.0,F,803
170203.0,M,807
170204.0,F,390
170204.0,M,363
170301.0,F,85
170301.0,M,82
170302.0,F,414
170302.0,M,373
170303.0,F,148
170303.0,M,145
180101.0,F,2696
180101.0,M,2526
180102.0,F,152
180102.0,M,210
180103.0,F,78
180103.0,M,48
180104.0,F,272
180104.0,M,271
180105.0,F,117
180105.0,M,109
180106.0,F,234
180106.0,M,198
180201.0,F,212
180201.0,M,166
180202.0,F,135
180202.0,M,95
180203.0,F,33
180203.0,M,49
180204.0,F,253
180204.0,M,208
180205.0,F,45
180205.0,M,34
180206.0,F,101
180206.0,M,82
180207.0,F,30
180207.0,M,63
180208.0,F,115
180208.0,M,109
180209.0,F,41
180209.0,M,71
180210.0,F,140
180210.0,M,128
180211.0,F,163
180211.0,M,124
180301.0,F,3182
180301.0,M,3043
180302.0,F,12
180302.0,M,9
180303.0,F,129
180303.0,M,120
190101.0,F,1444
190101.0,M,1512
190102.0,F,308
190102.0,M,270
190103.0,F,436
190103.0,M,479
190104.0,F,667
190104.0,M,650
190105.0,F,209
190105.0,M,208
190106.0,F,236
190106.0,M,312
190107.0,F,1306
190107.0,M,1221
190108.0,F,512
190108.0,M,521
190109.0,F,724
190109.0,M,648
190110.0,F,831
190110.0,M,934
190111.0,F,376
190111.0,M,369
190112.0,F,123
190112.0,M,103
190113.0,F,1702
190113.0,M,1666
190201.0,F,756
190201.0,M,696
190202.0,F,174
190202.0,M,152
190203.0,F,123
190203.0,M,167
190204.0,F,97
190204.0,M,106
190205.0,F,93
190205.0,M,109
190206.0,F,1317
190206.0,M,1315
190207.0,F,169
190207.0,M,148
190208.0,F,84
190208.0,M,70
190301.0,F,738
190301.0,M,724
190302.0,F,219
190302.0,M,205
190303.0,F,412
190303.0,M,382
190304.0,F,832
190304.0,M,793
190305.0,F,766
190305.0,M,717
190306.0,F,1542
190306.0,M,1517
190307.0,F,1253
190307.0,M,1198
190308.0,F,1076
190308.0,M,990
200101.0,F,7751
200101.0,M,7366
200104.0,F,7991
200104.0,M,7573
200105.0,F,4267
200105.0,M,4193
200107.0,F,1266
200107.0,M,1267
200108.0,F,353
200108.0,M,355
200109.0,F,2465
200109.0,M,2354
200110.0,F,2766
200110.0,M,2587
200111.0,F,1674
200111.0,M,1574
200114.0,F,7785
200114.0,M,7480
200115.0,F,7661
200115.0,M,7377
200201.0,F,2764
200201.0,M,2583
200202.0,F,1825
200202.0,M,1684
200203.0,F,152
200203.0,M,164
200204.0,F,576
200204.0,M,572
200205.0,F,402
200205.0,M,369
200206.0,F,1940
200206.0,M,1858
200207.0,F,745
200207.0,M,655
200208.0,F,999
200208.0,M,916
200209.0,F,90
200209.0,M,98
200210.0,F,826
200210.0,M,801
200301.0,F,1874
200301.0,M,1871
200302.0,F,410
200302.0,M,421
200303.0,F,911
200303.0,M,937
200304.0,F,2989
200304.0,M,2788
200305.0,F,237
200305.0,M,242
200306.0,F,584
200306.0,M,568
200307.0,F,611
200307.0,M,603
200308.0,F,697
200308.0,M,768
200401.0,F,4041
200401.0,M,3836
200402.0,F,375
200402.0,M,376
200403.0,F,550
200403.0,M,468
200404.0,F,626
200404.0,M,607
200405.0,F,647
200405.0,M,686
200406.0,F,430
200406.0,M,416
200407.0,F,342
200407.0,M,334
200408.0,F,209
200408.0,M,228
200409.0,F,361
200409.0,M,288
200410.0,F,553
200410.0,M,552
200501.0,F,6264
200501.0,M,6097
200502.0,F,123
200502.0,M,119
200503.0,F,41
200503.0,M,38
200504.0,F,638
200504.0,M,637
200505.0,F,632
200505.0,M,636
200506.0,F,259
200506.0,M,219
200507.0,F,263
200507.0,M,271
200601.0,F,9837
200601.0,M,9546
200602.0,F,2073
200602.0,M,2020
200603.0,F,1222
200603.0,M,1111
200604.0,F,723
200604.0,M,688
200605.0,F,1669
200605.0,M,1448
200606.0,F,461
200606.0,M,485
200607.0,F,1344
200607.0,M,1376
200608.0,F,364
200608.0,M,342
200701.0,F,4863
200701.0,M,4674
200702.0,F,379
200702.0,M,375
200703.0,F,558
200703.0,M,545
200704.0,F,79
200704.0,M,71
200705.0,F,519
200705.0,M,440
200706.0,F,732
200706.0,M,713
200801.0,F,3184
200801.0,M,3086
200802.0,F,240
200802.0,M,240
200803.0,F,482
200803.0,M,504
200804.0,F,276
200804.0,M,288
200805.0,F,1189
200805.0,M,1213
200806.0,F,191
200806.0,M,148
210101.0,F,7570
210101.0,M,7376
210102.0,F,1889
210102.0,M,1921
210103.0,F,370
210103.0,M,300
210104.0,F,370
210104.0,M,413
210105.0,F,614
210105.0,M,677
210106.0,F,439
210106.0,M,443
210107.0,F,610
210107.0,M,617
210108.0,F,783
210108.0,M,833
210109.0,F,355
210109.0,M,316
210110.0,F,410
210110.0,M,340
210111.0,F,386
210111.0,M,421
210112.0,F,518
210112.0,M,502
210113.0,F,221
210113.0,M,206
210114.0,F,111
210114.0,M,90
210115.0,F,257
210115.0,M,205
210201.0,F,2043
210201.0,M,1945
210202.0,F,433
210202.0,M,413
210203.0,F,420
210203.0,M,419
210204.0,F,1470
210204.0,M,1397
210205.0,F,240
210205.0,M,232
210206.0,F,1070
210206.0,M,1019
210207.0,F,311
210207.0,M,283
210208.0,F,563
210208.0,M,554
210209.0,F,436
210209.0,M,428
210210.0,F,1171
210210.0,M,1225
210211.0,F,660
210211.0,M,688
210212.0,F,360
210212.0,M,444
210213.0,F,482
210213.0,M,439
210214.0,F,311
210214.0,M,320
210215.0,F,237
210215.0,M,248
210301.0,F,1051
210301.0,M,988
210302.0,F,152
210302.0,M,176
210303.0,F,1006
210303.0,M,973
210304.0,F,943
210304.0,M,941
210305.0,F,285
210305.0,M,295
210306.0,F,818
210306.0,M,723
210307.0,F,413
210307.0,M,463
210308.0,F,376
210308.0,M,378
210309.0,F,304
210309.0,M,284
210310.0,F,2465
210310.0,M,1991
210401.0,F,1635
210401.0,M,1681
210402.0,F,2059
210402.0,M,2026
210403.0,F,2148
210403.0,M,2166
210404.0,F,1846
210404.0,M,1978
210405.0,F,878
210405.0,M,925
210406.0,F,1226
210406.0,M,1306
210407.0,F,1653
210407.0,M,1513
210501.0,F,2711
210501.0,M,2494
210502.0,F,122
210502.0,M,111
210503.0,F,843
210503.0,M,767
210504.0,F,435
210504.0,M,505
210505.0,F,397
210505.0,M,347
210601.0,F,1178
210601.0,M,1189
210602.0,F,429
210602.0,M,364
210603.0,F,324
210603.0,M,320
210604.0,F,242
210604.0,M,288
210605.0,F,400
210605.0,M,374
210606.0,F,370
210606.0,M,297
210607.0,F,963
210607.0,M,928
210608.0,F,644
210608.0,M,594
210701.0,F,797
210701.0,M,740
210702.0,F,448
210702.0,M,403
210703.0,F,114
210703.0,M,103
210704.0,F,211
210704.0,M,164
210705.0,F,246
210705.0,M,211
210706.0,F,208
210706.0,M,185
210707.0,F,648
210707.0,M,522
210708.0,F,295
210708.0,M,369
210709.0,F,507
210709.0,M,612
210710.0,F,367
210710.0,M,329
210801.0,F,1339
210801.0,M,1225
210802.0,F,384
210802.0,M,378
210803.0,F,291
210803.0,M,216
210804.0,F,441
210804.0,M,391
210805.0,F,575
210805.0,M,562
210806.0,F,934
210806.0,M,835
210807.0,F,708
210807.0,M,654
210808.0,F,463
210808.0,M,468
210809.0,F,446
210809.0,M,338
210901.0,F,1054
210901.0,M,1164
210902.0,F,255
210902.0,M,193
210903.0,F,223
210903.0,M,313
210904.0,F,152
210904.0,M,174
211001.0,F,2019
211001.0,M,1988
211002.0,F,1504
211002.0,M,1450
211003.0,F,202
211003.0,M,222
211004.0,F,357
211004.0,M,343
211005.0,F,110
211005.0,M,103
211101.0,F,6188
211101.0,M,5945
211102.0,F,382
211102.0,M,336
211103.0,F,355
211103.0,M,371
211104.0,F,395
211104.0,M,342
211105.0,F,2512
211105.0,M,2486
211201.0,F,1016
211201.0,M,899
211202.0,F,379
211202.0,M,386
211203.0,F,346
211203.0,M,364
211204.0,F,382
211204.0,M,341
211205.0,F,441
211205.0,M,413
211206.0,F,146
211206.0,M,138
211207.0,F,885
211207.0,M,795
211208.0,F,145
211208.0,M,195
211209.0,F,627
211209.0,M,642
211210.0,F,1112
211210.0,M,1150
211301.0,F,1974
211301.0,M,1887
211302.0,F,225
211302.0,M,272
211303.0,F,356
211303.0,M,372
211304.0,F,53
211304.0,M,65
211305.0,F,400
211305.0,M,350
211306.0,F,148
211306.0,M,132
211307.0,F,283
211307.0,M,353
220101.0,F,4854
220101.0,M,4596
220102.0,F,234
220102.0,M,199
220103.0,F,132
220103.0,M,117
220104.0,F,1317
220104.0,M,1351
220105.0,F,2205
220105.0,M,2118
220106.0,F,208
220106.0,M,196
220201.0,F,688
220201.0,M,709
220202.0,F,533
220202.0,M,534
220203.0,F,1442
220203.0,M,1332
220204.0,F,210
220204.0,M,201
220205.0,F,495
220205.0,M,506
220206.0,F,421
220206.0,M,476
220301.0,F,729
220301.0,M,691
220302.0,F,140
220302.0,M,117
220303.0,F,999
220303.0,M,964
220304.0,F,583
220304.0,M,660
220305.0,F,211
220305.0,M,193
220401.0,F,621
220401.0,M,562
220402.0,F,217
220402.0,M,183
220403.0,F,187
220403.0,M,210
220404.0,F,251
220404.0,M,232
220405.0,F,153
220405.0,M,155
220406.0,F,19
220406.0,M,32
220501.0,F,567
220501.0,M,545
220502.0,F,1196
220502.0,M,1263
220503.0,F,326
220503.0,M,317
220504.0,F,519
220504.0,M,511
220505.0,F,250
220505.0,M,222
220506.0,F,750
220506.0,M,742
220507.0,F,126
220507.0,M,111
220508.0,F,73
220508.0,M,78
220509.0,F,148
220509.0,M,212
220510.0,F,728
220510.0,M,711
220511.0,F,279
220511.0,M,256
220601.0,F,1403
220601.0,M,1238
220602.0,F,495
220602.0,M,498
220603.0,F,421
220603.0,M,370
220604.0,F,270
220604.0,M,258
220605.0,F,393
220605.0,M,392
220701.0,F,432
220701.0,M,398
220702.0,F,182
220702.0,M,189
220703.0,F,109
220703.0,M,108
220704.0,F,29
220704.0,M,24
220705.0,F,98
220705.0,M,98
220706.0,F,81
220706.0,M,84
220707.0,F,271
220707.0,M,327
220708.0,F,924
220708.0,M,837
220709.0,F,273
220709.0,M,259
220710.0,F,290
220710.0,M,341
220801.0,F,1095
220801.0,M,1095
220802.0,F,891
220802.0,M,887
220803.0,F,999
220803.0,M,1006
220804.0,F,2766
220804.0,M,2529
220805.0,F,1438
220805.0,M,1435
220806.0,F,95
220806.0,M,105
220807.0,F,208
220807.0,M,197
220808.0,F,218
220808.0,M,195
220809.0,F,216
220809.0,M,184
220901.0,F,2932
220901.0,M,2841
220902.0,F,33
220902.0,M,29
220903.0,F,145
220903.0,M,142
220904.0,F,634
220904.0,M,584
220905.0,F,115
220905.0,M,117
220906.0,F,186
220906.0,M,204
220907.0,F,235
220907.0,M,245
220908.0,F,130
220908.0,M,111
220909.0,F,2133
220909.0,M,2019
220910.0,F,1331
220910.0,M,1315
220911.0,F,152
220911.0,M,175
220912.0,F,52
220912.0,M,52
220913.0,F,816
220913.0,M,871
220914.0,F,69
220914.0,M,63
221001.0,F,1295
221001.0,M,1245
221002.0,F,745
221002.0,M,660
221003.0,F,818
221003.0,M,772
221004.0,F,74
221004.0,M,57
221005.0,F,960
221005.0,M,917
230101.0,F,3144
230101.0,M,3141
230102.0,F,1842
230102.0,M,1771
230103.0,F,109
230103.0,M,126
230104.0,F,1972
230104.0,M,1881
230105.0,F,436
230105.0,M,382
230106.0,F,68
230106.0,M,71
230107.0,F,95
230107.0,M,75
230108.0,F,966
230108.0,M,937
230109.0,F,118
230109.0,M,102
230110.0,F,6647
230110.0,M,6736
230111.0,F,307
230111.0,M,314
230201.0,F,130
230201.0,M,127
230202.0,F,68
230202.0,M,53
230203.0,F,60
230203.0,M,50
230204.0,F,3
230204.0,M,4
230205.0,F,37
230205.0,M,25
230206.0,F,61
230206.0,M,56
230301.0,F,105
230301.0,M,105
230302.0,F,109
230302.0,M,114
230303.0,F,152
230303.0,M,166
230401.0,F,180
230401.0,M,140
230402.0,F,25
230402.0,M,15
230403.0,F,21
230403.0,M,30
230404.0,F,17
230404.0,M,15
230405.0,F,23
230405.0,M,12
230406.0,F,29
230406.0,M,23
230407.0,F,10
230407.0,M,9
230408.0,F,22
230408.0,M,17
240101.0,F,5565
240101.0,M,5247
240102.0,F,1214
240102.0,M,1128
240103.0,F,471
240103.0,M,436
240104.0,F,290
240104.0,M,310
240105.0,F,353
240105.0,M,357
240106.0,F,182
240106.0,M,163
240201.0,F,641
240201.0,M,607
240202.0,F,82
240202.0,M,82
240203.0,F,309
240203.0,M,281
240301.0,F,1166
240301.0,M,1098
240302.0,F,1378
240302.0,M,1366
240303.0,F,126
240303.0,M,120
240304.0,F,257
240304.0,M,243
250101.0,F,6628
250101.0,M,6304
250102.0,F,752
250102.0,M,727
250103.0,F,878
250103.0,M,850
250104.0,F,883
250104.0,M,813
250105.0,F,5036
250105.0,M,4834
250106.0,F,316
250106.0,M,309
250107.0,F,4518
250107.0,M,4382
250201.0,F,2723
250201.0,M,2596
250202.0,F,585
250202.0,M,589
250203.0,F,655
250203.0,M,685
250204.0,F,228
250204.0,M,244
250301.0,F,1282
250301.0,M,1285
250302.0,F,578
250302.0,M,521
250303.0,F,524
250303.0,M,479
250304.0,F,433
250304.0,M,423
250305.0,F,334
250305.0,M,339
250401.0,F,307
250401.0,M,339
